<?xml version="1.0"?>
<!-- Generated with script from SVN rev 16945 -->
<kart name              = "Blux"
      version           = "3"
      model-file        = "tux.spm"
      icon-file         = "tux_icon.png"
      minimap-icon-file = "tux_icon.png"
      shadow-file       = "tux_shadow.png"
      type              = "medium"
      groups            = "standard"
      rgb               = "1.00 0.00 0.00" >
  <sounds engine = "large"/>
  <animations left = "0"
              straight = "20"
              right = "40"
              start-winning = "60"
              start-winning-loop = "233"
              end-winning = "320"
              start-losing = "340"
              start-losing-loop = "412"
              end-losing = "550"
              start-jump = "570"
              start-jump-loop = "604"/>
  <wheels>
    <front-left position = "-0.319630 0.110000 0.410000"
                 model    = "wheel-front-left.spm"       />
    <front-right position = "0.319625 0.110000 0.410000"
                 model    = "wheel-front-right.spm"       />
    <rear-left position = "-0.355000 0.140000 -0.340000"
                 model    = "wheel-rear-left.spm"       />
    <rear-right position = "0.355000 0.140000 -0.340000"
                 model    = "wheel-rear-right.spm"       />
  </wheels>
  <nitro-emitter>
    <nitro-emitter-a position = "0.200000 0.360000 -0.580000" />
    <nitro-emitter-b position = "-0.200000 0.360000 -0.580000" />
  </nitro-emitter>
  <headlights>
    <object position="-0.261508 0.124717 0.724599"
            rotation="-0.000011 -0.000000 0.000000"
            scale="1.000000 1.000000 1.000000"
            bone="Car"
            model="headlight.spm"/>
    <object position="0.257051 0.124717 0.724599"
            rotation="-0.000011 -0.000000 0.000000"
            scale="1.000000 1.000000 1.000000"
            bone="Car"
            model="headlight.spm"/>
  </headlights>
  <hat position="-0.000000 0.690000 -0.030000"
       rotation="-7.594650 0.000002 0.000016"
       scale="1.000000 1.000000 1.000000"
       bone="Head"/>
  <exhaust file="kart_exhaust.xml"/>
</kart>
